<?xml version="1.0" encoding="ISO-8859-1"?>
<metadata>
	<idinfo>
		<citation>
			<citeinfo>
				<origin>U.S. Geological Survey Earth Resources Observation and Science (USGS/EROS)</origin>
				<pubdate>2003</pubdate>
				<title>Elevation Derivatives for National Applications (EDNA) Original Digital Elevation Model (DEM)</title>
				<edition>Stage 1 Data</edition>
				<geoform>raster digital data</geoform>
				<serinfo>
					<sername>EDNA Original DEM</sername>
				</serinfo>
				<pubinfo>
					<pubplace>USGS/EROS, Sioux Falls, SD</pubplace>
					<publish>USGS</publish>
				</pubinfo>
				<onlink>http://edna.usgs.gov</onlink>
				<ftname Sync="TRUE">dem</ftname></citeinfo>
		</citation>
		<descript>
			<abstract>This file contains one of many raster grids of the Elevation Derivatives for National Applications (EDNA), a multi-layered database that provides systematic and consistent topographically-derived hydrologic derivatives.  The original elevation data was the initial set of digital elevation data.  These data were derived from the National Elevation Dataset (NED).  The NED data were projected to a USGS Albers Equal-Area Conic projection, NAD83. The cell (pixel) size was 30 by 30 meters, and the vertical resolution was one centimeter.</abstract>
			<purpose>The original elevation data (DEM) was the basis for creating the EDNA database.</purpose>
			<supplinf>EDNA was completed by a consortium of participants, including USGS/EROS, USGS National Mapping Division (USGS/NMD), USGS Water Resources Division (USGS/WRD), National Severe Storms Laboratory (NSSL), and Environmental Protection Agency (EPA).</supplinf>
			<langdata>English</langdata></descript>
		<timeperd>
			<timeinfo>
				<rngdates>
					<begdate>20000101</begdate>
					<enddate>20030101</enddate>
				</rngdates>
			</timeinfo>
			<current>publication date</current>
		</timeperd>
		<status>
			<progress>Complete</progress>
			<update>As needed</update>
		</status>
		<spdom>
			<bounding>
				<westbc Sync="TRUE">-127.918028</westbc>
				<eastbc Sync="TRUE">-65.309971</eastbc>
				<northbc Sync="TRUE">51.668087</northbc>
				<southbc Sync="TRUE">22.905634</southbc>
			</bounding>
			<lboundng><leftbc Sync="TRUE">-2356170.000000</leftbc><rightbc Sync="TRUE">2258760.000000</rightbc><bottombc Sync="TRUE">273060.000000</bottombc><topbc Sync="TRUE">3179430.000000</topbc></lboundng></spdom>
		<keywords>
			<place>
				<placekt>U.S. Department of Commerce, 1977, Countries, dependencies, areas of special sovereignty, and their principal administrative divisions (Federal Information Processing Standarad 10-3): Washington, D.C., National Institute of Standards and Technology.</placekt>
				<placekey>US</placekey>
			</place>
			<theme><themekt>original DEM</themekt><themekey>digital elevation model</themekey><themekey>hydrologic derivative</themekey><themekey>National Elevation Dataset</themekey><themekey>NED</themekey><themekey>EDNA</themekey></theme><theme><themekt>digital elevation model</themekt></theme><theme><themekt>National Elevation Dataset</themekt></theme><theme><themekt>NED</themekt></theme><theme><themekt>EDNA</themekt></theme></keywords>
		<accconst>None</accconst>
		<useconst>None.  Acknowledgement of the USGS would be appreciated in products derived from these data.</useconst>
		<ptcontac>
			<cntinfo>
				<cntperp>
					<cntper>Sandra Poppenga</cntper>
					<cntorg>U.S. Geological Survey Earth Resources Observation and Science (EROS) Center</cntorg>
				</cntperp>
				<cntpos>Geographer</cntpos>
				<cntaddr>
					<addrtype>mailing and physical address</addrtype>
					<address>47914 252nd Street</address>
					<city>Sioux Falls</city>
					<state>SD</state>
					<postal>57198</postal>
					<country>United States</country>
				</cntaddr>
				<cntvoice>1-605-594-2634</cntvoice>
				<cntfax>1-605-594-6529</cntfax>
				<cntemail>spoppenga@usgs.gov</cntemail>
				<hours>8:00 AM to 4:00 PM CST</hours>
			</cntinfo>
		</ptcontac>
		<secinfo>
			<secsys>None</secsys>
			<secclass>Unclassified</secclass>
			<sechandl>None</sechandl>
		</secinfo>
		<native Sync="TRUE"> Version 4.0 (Build 1381) Visual MainWin version 5.1; ESRI ArcCatalog 9.3.0.1689</native>
		<natvform Sync="TRUE">Raster Dataset</natvform></idinfo>
	<dataqual>
		<attracc></attracc>
		<logic>The original elevation data was the initial set of digital elevation data, NED was the basis for creating the EDNA database.</logic>
		<complete>These original dem data were derived from the NED.  The NED data were projected to a USGS Albers Equal-Area Conic projection, NAD83. The cell (pixel) size was 30 by 30 meters, and the vertical resolution was one centimeter.  The original DEM values are floating point.</complete>
		<posacc>
			<horizpa>
				<horizpar>The horizontal accuracy of the original dem grid is based upon the Digital Elevation Model (DEM) extracted for the geographic area produced.</horizpar>
			</horizpa>
			<vertacc>
				<vertaccr>The vertical accuracy of the original dem grid is based upon the DEM extracted for the geographic area produced.</vertaccr>
			</vertacc>
		</posacc>
		<lineage>
			<srcinfo>
				<srccite>
					<citeinfo>
						<origin>U.S. Geological Survey Earth Resources Observation and Science (EROS) Center</origin>
						<pubdate>20030101</pubdate>
						<title>EDNA Original DEM Grid</title>
						<edition>Stage 1 Data</edition>
						<geoform>raster digital data</geoform>
						<pubinfo>
							<pubplace>USGS/EROS, Sioux Falls, SD</pubplace>
							<publish>USGS</publish>
						</pubinfo>
						<onlink>http://edna.usgs.gov</onlink>
					</citeinfo>
				</srccite>
				<srctime>
					<timeinfo>
						<rngdates>
							<begdate>20000101</begdate>
							<enddate>20030101</enddate>
						</rngdates>
					</timeinfo>
					<srccurr>publication date</srccurr>
				</srctime>
			</srcinfo>
			<procstep>
				<procdesc>The production procedures, instrumentation, hardware and software used in the collection of EDNA vary depending on systems used at the contractor or cooperator production sites.  Utilizing the Hydrologic Units of the United States (HUCs), EDNA was developed on a Cataloging Unit (CU) by CU basis.  The HUCs were buffered, NED were extracted and projected into the National Albers projection, and the projected and clipped DEM was filled using the standard ArcINFO implementation of Jenson &amp; Domingue (1988).  Flow direction and flow accumulation were derived from the filled DEM.  Synthetic streamlines were made by thresholding the flow accumulation at 5,000 pixels.  Corresponding drainage areas for each reach (catch) in the synthetic streamline covered were derived.</procdesc>
				<srcused>Jenson, S.K. and J.O. Domingue.  1988.  Extracting topographic structure from digital elevation data for geographic information system analysis:  Photogrammetric Engineering and Remote Sensing, Vol. 54, pp. 1593-1600.</srcused>
				<procdate>Years 2000 to 2003</procdate>
				<proccont>
					<cntinfo>
						<cntperp>
							<cntper>Kristine Verdin, P.E.</cntper>
							<cntorg>U.S. Geological Survey Earth Resources Observation and Science (EROS) Center</cntorg>
						</cntperp>
						<cntpos>Senior Scientist and Hydrologist</cntpos>
						<cntaddr>
							<addrtype>mailing and physical address</addrtype>
							<address>47914 252nd St</address>
							<city>Sioux Falls</city>
							<state>SD</state>
							<postal>57198</postal>
							<country>United States</country>
						</cntaddr>
						<cntvoice>1-605-594-6002</cntvoice>
						<cntfax>1-605-594-6529</cntfax>
						<cntemail>kverdin@usgs.gov</cntemail>
					</cntinfo>
				</proccont>
			</procstep>
		</lineage>
	</dataqual>
	<spdoinfo>
		<direct Sync="TRUE">Raster</direct>
		<ptvctinf>
			<sdtsterm>
				<sdtstype>String</sdtstype>
				<ptvctcnt>979577</ptvctcnt>
			</sdtsterm>
		</ptvctinf>
		<rastinfo><rasttype Sync="TRUE">Grid Cell</rasttype><rowcount Sync="TRUE">96879</rowcount><colcount Sync="TRUE">153831</colcount><rastxsz Sync="TRUE">30.000000</rastxsz><rastysz Sync="TRUE">30.000000</rastysz><rastbpp Sync="TRUE">32</rastbpp><vrtcount Sync="TRUE">1</vrtcount><rastorig Sync="TRUE">Upper Left</rastorig><rastcmap Sync="TRUE">FALSE</rastcmap><rastcomp Sync="TRUE">Default</rastcomp><rastband Sync="TRUE">1</rastband><rastdtyp Sync="TRUE">matrix values</rastdtyp><rastifor Sync="TRUE">ESRI GRID</rastifor><rastplyr Sync="TRUE">TRUE</rastplyr></rastinfo></spdoinfo>
	<spref>
		<horizsys>
			<planar>
				<planci>
					<plance Sync="TRUE">row and column</plance>
					<coordrep>
						<absres Sync="TRUE">30.000000</absres>
						<ordres Sync="TRUE">30.000000</ordres>
					</coordrep>
					<plandu Sync="TRUE">meters</plandu>
				</planci>
			</planar>
			<geodetic>
				<horizdn Sync="TRUE">North American Datum of 1983</horizdn>
				<ellips Sync="TRUE">Geodetic Reference System 80</ellips>
				<semiaxis Sync="TRUE">6378137.000000</semiaxis>
				<denflat Sync="TRUE">298.257222</denflat>
			</geodetic>
			<cordsysn><geogcsn Sync="TRUE">GCS_North_American_1983</geogcsn><projcsn Sync="TRUE">NAD_1983_Albers</projcsn></cordsysn></horizsys>
		<vertdef>
			<altsys>
				<altres Sync="TRUE">1.000000</altres>
				<altenc Sync="TRUE">Explicit elevation coordinate included with horizontal coordinates</altenc>
			</altsys>
		</vertdef>
	</spref>
	<eainfo>
		<detailed>
			<enttyp>
				<enttypl>EDNA Original DEM</enttypl>
				<enttypd>EDNA Hydrologic Derivative Original DEM Grid</enttypd>
				<enttypds>EDNA</enttypds>
			</enttyp>
		</detailed>
	</eainfo>
	<distinfo>
		<distrib>
			<cntinfo>
				<cntperp>
					<cntper>Sandra Poppenga</cntper>
					<cntorg>U.S. Geological Survey Earth Resources Observation and Science (EROS) Center</cntorg>
				</cntperp>
				<cntpos>Geographer</cntpos>
				<cntaddr>
					<addrtype>mailing and physical address</addrtype>
					<address>47914 252nd Street</address>
					<city>Sioux Falls</city>
					<state>South Dakota</state>
					<postal>57198-0001</postal>
					<country>United States</country>
				</cntaddr>
				<cntvoice>1-605-594-2634</cntvoice>
				<cntfax>1-605-594-6529</cntfax>
				<cntemail>spoppenga@usgs.gov</cntemail>
			</cntinfo>
		</distrib>
		<resdesc>EDNA</resdesc>
		<distliab>Although all data and software published for EDNA have been used by the USGS, no warranty, expressed or implied, is made by the USGS as to the accuracy of the data and related materials or functioning of the software.  The act of distribution shall not constitute any such warranty, and no responsibility is assumed by the USGS in the use of these data, software, or related materials.</distliab>
		<stdorder>
			<fees>To Be Determined</fees>
			<digform><digtinfo><transize Sync="TRUE">-305.986</transize><dssize Sync="TRUE">-305.986</dssize></digtinfo></digform></stdorder>
	</distinfo>
	<metainfo>
		<metd Sync="TRUE">20090401</metd>
		<metc>
			<cntinfo>
				<cntperp>
					<cntper>Sandra Poppenga</cntper>
					<cntorg>U.S. Geological Survey Earth Resources Observation and Science (EROS) Center</cntorg>
				</cntperp>
				<cntpos>Geographer</cntpos>
				<cntaddr>
					<addrtype>mailing and physical address</addrtype>
					<address>47914 252nd Street</address>
					<city>Sioux Falls</city>
					<state>South Dakota</state>
					<postal>57198-0001</postal>
					<country>United States</country>
				</cntaddr>
				<cntvoice>1-605-594-2634</cntvoice>
				<cntfax>1-605-594-6529</cntfax>
				<cntemail>spoppenga@usgs.gov</cntemail>
				<hours>8:00 AM to 4:00 PM CST</hours>
				<cntinst>Prefer E-Mail Contact</cntinst>
			</cntinfo>
		</metc>
		<metstdn Sync="TRUE">FGDC Content Standards for Digital Geospatial Metadata</metstdn>
		<metstdv Sync="TRUE">FGDC-STD-001-1998</metstdv>
		<mettc Sync="TRUE">local time</mettc>
		<metsi>
			<metsc>Unclassified</metsc>
		</metsi>
		<langmeta>English</langmeta></metainfo>
	<Esri><MetaID>{CFF37F61-0828-4323-B4E6-D722447109E8}</MetaID><CreaDate>20041021</CreaDate><CreaTime>08121000</CreaTime><SyncOnce>FALSE</SyncOnce><SyncDate>20171026</SyncDate><SyncTime>17154900</SyncTime><ModDate>20171026</ModDate><ModTime>17154900</ModTime><DataProperties><lineage><Process ToolSource="/edcsns21/pkg/arcgis/server/arcgis/ArcToolbox/Toolboxes/Data Management Tools.tbx/CopyRaster" Date="20090401" Time="185352">CopyRaster /hydro/users/worstell/sdec/gasr.sde/EDNA.EDNA_ORIG_DEM /hydro/data/conus_edna/dem/dem # # # NONE NONE #</Process><Process ToolSource="c:\program files (x86)\arcgis\desktop10.5\ArcToolbox\Toolboxes\Data Management Tools.tbx\CalculateStatistics" Date="20171011" Time="141927">CalculateStatistics "G:\Chris' Backup\GIS\DEM Datasets\EDNAUSORIGDEM\us_orig_dem\orig_dem" 1 1 # OVERWRITE "Feature Set"</Process><Process ToolSource="c:\program files (x86)\arcgis\desktop10.5\ArcToolbox\Toolboxes\Data Management Tools.tbx\Clip" Date="20171026" Time="171549">Clip orig_dem "-2852.61495393083 1706274.45933011 217286.575290863 1869332.46466739" C:\Users\Chris\Documents\GEOG_358\ExampleDEM.tif blah3 -3.402823e+038 NONE NO_MAINTAIN_EXTENT</Process></lineage><itemProps><itemName Sync="TRUE">ExampleDEM.tif</itemName><itemLocation><linkage Sync="TRUE">file://C:\Users\Chris\Documents\GEOG_358\ExampleDEM.tif</linkage><protocol Sync="TRUE">Local Area Network</protocol></itemLocation><imsContentType Sync="TRUE">002</imsContentType><nativeExtBox><westBL Sync="TRUE">-2880.000000</westBL><eastBL Sync="TRUE">217290.000000</eastBL><southBL Sync="TRUE">1706280.000000</southBL><northBL Sync="TRUE">1869360.000000</northBL><exTypeCode Sync="TRUE">1</exTypeCode></nativeExtBox></itemProps><coordRef><type Sync="TRUE">Projected</type><geogcsn Sync="TRUE">GCS_North_American_1983</geogcsn><csUnits Sync="TRUE">Linear Unit: Meter (1.000000)</csUnits><projcsn Sync="TRUE">NAD_1983_Albers</projcsn><peXml Sync="TRUE">&lt;ProjectedCoordinateSystem xsi:type='typens:ProjectedCoordinateSystem' xmlns:xsi='http://www.w3.org/2001/XMLSchema-instance' xmlns:xs='http://www.w3.org/2001/XMLSchema' xmlns:typens='http://www.esri.com/schemas/ArcGIS/10.5'&gt;&lt;WKT&gt;PROJCS[&amp;quot;NAD_1983_Albers&amp;quot;,GEOGCS[&amp;quot;GCS_North_American_1983&amp;quot;,DATUM[&amp;quot;D_North_American_1983&amp;quot;,SPHEROID[&amp;quot;GRS_1980&amp;quot;,6378137.0,298.257222101]],PRIMEM[&amp;quot;Greenwich&amp;quot;,0.0],UNIT[&amp;quot;Degree&amp;quot;,0.0174532925199433]],PROJECTION[&amp;quot;Albers&amp;quot;],PARAMETER[&amp;quot;False_Easting&amp;quot;,0.0],PARAMETER[&amp;quot;False_Northing&amp;quot;,0.0],PARAMETER[&amp;quot;central_meridian&amp;quot;,-96.0],PARAMETER[&amp;quot;Standard_Parallel_1&amp;quot;,29.5],PARAMETER[&amp;quot;Standard_Parallel_2&amp;quot;,45.5],PARAMETER[&amp;quot;latitude_of_origin&amp;quot;,23.0],UNIT[&amp;quot;Meter&amp;quot;,1.0]]&lt;/WKT&gt;&lt;XOrigin&gt;-16901100&lt;/XOrigin&gt;&lt;YOrigin&gt;-6972200&lt;/YOrigin&gt;&lt;XYScale&gt;266467840.99085236&lt;/XYScale&gt;&lt;ZOrigin&gt;-100000&lt;/ZOrigin&gt;&lt;ZScale&gt;10000&lt;/ZScale&gt;&lt;MOrigin&gt;-100000&lt;/MOrigin&gt;&lt;MScale&gt;10000&lt;/MScale&gt;&lt;XYTolerance&gt;0.001&lt;/XYTolerance&gt;&lt;ZTolerance&gt;0.001&lt;/ZTolerance&gt;&lt;MTolerance&gt;0.001&lt;/MTolerance&gt;&lt;HighPrecision&gt;true&lt;/HighPrecision&gt;&lt;/ProjectedCoordinateSystem&gt;</peXml></coordRef><RasterProperties><General><PixelDepth Sync="TRUE">32</PixelDepth><HasColormap Sync="TRUE">FALSE</HasColormap><CompressionType Sync="TRUE">LZW</CompressionType><NumBands Sync="TRUE">1</NumBands><Format Sync="TRUE">TIFF</Format><HasPyramids Sync="TRUE">TRUE</HasPyramids><SourceType Sync="TRUE">continuous</SourceType><PixelType Sync="TRUE">floating point</PixelType><NoDataValue Sync="TRUE">-3.4028231e+038</NoDataValue></General></RasterProperties></DataProperties></Esri><dataIdInfo><envirDesc Sync="TRUE">Microsoft Windows 7 Version 6.1 (Build 7601) Service Pack 1; Esri ArcGIS 10.5.1.7333</envirDesc><dataLang><languageCode Sync="TRUE" value="eng"></languageCode><countryCode value="USA" Sync="TRUE"></countryCode></dataLang><idCitation><resTitle Sync="TRUE">ExampleDEM.tif</resTitle><presForm><PresFormCd Sync="TRUE" value="005"></PresFormCd></presForm></idCitation><spatRpType><SpatRepTypCd Sync="TRUE" value="002"></SpatRepTypCd></spatRpType><dataExt><geoEle><GeoBndBox esriExtentType="native"><westBL Sync="TRUE">-2356170</westBL><eastBL Sync="TRUE">2258760</eastBL><northBL Sync="TRUE">3179430</northBL><southBL Sync="TRUE">273060</southBL><exTypeCode Sync="TRUE">1</exTypeCode></GeoBndBox></geoEle></dataExt><geoBox esriExtentType="decdegrees"><westBL Sync="TRUE">-127.918028</westBL><eastBL Sync="TRUE">-65.309971</eastBL><northBL Sync="TRUE">51.668087</northBL><southBL Sync="TRUE">22.905634</southBL><exTypeCode Sync="TRUE">1</exTypeCode></geoBox><dataExt><geoEle><GeoBndBox esriExtentType="search"><exTypeCode Sync="TRUE">1</exTypeCode><westBL Sync="TRUE">-96.033959</westBL><eastBL Sync="TRUE">-93.438481</eastBL><northBL Sync="TRUE">39.842771</northBL><southBL Sync="TRUE">38.362089</southBL></GeoBndBox></geoEle></dataExt></dataIdInfo><mdLang><languageCode Sync="TRUE" value="eng"></languageCode><countryCode value="USA" Sync="TRUE"></countryCode></mdLang><mdStanName Sync="TRUE">ISO 19115 Geographic Information - Metadata</mdStanName><mdStanVer Sync="TRUE">DIS_ESRI1.0</mdStanVer><mdChar><CharSetCd Sync="TRUE" value="006"></CharSetCd></mdChar><mdHrLv><ScopeCd Sync="TRUE" value="005"></ScopeCd></mdHrLv><mdHrLvName Sync="TRUE">dataset</mdHrLvName><distInfo><distributor><distorTran><onLineSrc><orDesc Sync="TRUE">002</orDesc><linkage Sync="TRUE">Server=edcsns18; Service=gasr; User=edna; Version=SDE.DEFAULT</linkage><protocol Sync="TRUE">ArcSDE Connection</protocol></onLineSrc></distorTran><distorFormat><formatName Sync="TRUE">SDE Raster Dataset</formatName></distorFormat></distributor><distFormat><formatName Sync="TRUE">Raster Dataset</formatName></distFormat></distInfo><refSysInfo><RefSystem><refSysID><identCode Sync="TRUE" code="0">USA_Contiguous_Albers_Equal_Area_Conic_USGS_version</identCode></refSysID></RefSystem></refSysInfo><mdDateSt Sync="TRUE">20171026</mdDateSt><spatRepInfo><Georect><cellGeo><CellGeoCd Sync="TRUE" value="002"></CellGeoCd></cellGeo><numDims Sync="TRUE">2</numDims><tranParaAv Sync="TRUE">1</tranParaAv><chkPtAv Sync="TRUE">0</chkPtAv><cornerPts><pos Sync="TRUE">-2880.000000 1706280.000000</pos></cornerPts><cornerPts><pos Sync="TRUE">-2880.000000 1869360.000000</pos></cornerPts><cornerPts><pos Sync="TRUE">217290.000000 1869360.000000</pos></cornerPts><cornerPts><pos Sync="TRUE">217290.000000 1706280.000000</pos></cornerPts><centerPt><pos Sync="TRUE">107205.000000 1787820.000000</pos></centerPt><axisDimension type="002"><dimSize Sync="TRUE">7339</dimSize><dimResol><value Sync="TRUE" uom="m">30.000000</value></dimResol></axisDimension><axisDimension type="001"><dimSize Sync="TRUE">5436</dimSize><dimResol><value Sync="TRUE" uom="m">30.000000</value></dimResol></axisDimension><ptInPixel><PixOrientCd Sync="TRUE" value="001"></PixOrientCd></ptInPixel></Georect></spatRepInfo><contInfo><ImgDesc><contentTyp><ContentTypCd Sync="TRUE" value="001"></ContentTypCd></contentTyp><covDim><Band><dimDescrp Sync="TRUE">Band_1</dimDescrp><bitsPerVal Sync="TRUE">32</bitsPerVal><valUnit><UOM type="length"></UOM></valUnit><maxVal Sync="TRUE">427.000000</maxVal><minVal Sync="TRUE">194.000000</minVal></Band></covDim></ImgDesc></contInfo></metadata>
